{
  "evaluation_date": "2025-12-23T16:03:28.455241",
  "scores": {
    "groq": 68.86378737541528,
    "mistral": 83.77076411960132,
    "cohere": 84.25581395348837,
    "openrouter_llama": 15.913621262458472,
    "openrouter_mistral": 15.913621262458472,
    "openrouter_hermes": 14.684385382059801
  },
  "ranking": [
    [
      "cohere",
      84.25581395348837
    ],
    [
      "mistral",
      83.77076411960132
    ],
    [
      "groq",
      68.86378737541528
    ],
    [
      "openrouter_llama",
      15.913621262458472
    ],
    [
      "openrouter_mistral",
      15.913621262458472
    ],
    [
      "openrouter_hermes",
      14.684385382059801
    ]
  ],
  "best_llm": {
    "name": "cohere",
    "score": 84.25581395348837
  },
  "worst_llm": {
    "name": "openrouter_hermes",
    "score": 14.684385382059801
  },
  "detailed_scores": {
    "groq": {
      "average_score": 68.86378737541528,
      "total_responses": 301,
      "valid_responses": 301,
      "criterion_scores": {
        "technical_accuracy": 15.611295681063122,
        "solution_quality": 15.830564784053156,
        "clarity": 9.335548172757475,
        "conciseness": 9.272425249169435,
        "speed": 9.611295681063122,
        "reliability": 9.20265780730897
      }
    },
    "mistral": {
      "average_score": 83.77076411960132,
      "total_responses": 301,
      "valid_responses": 301,
      "criterion_scores": {
        "technical_accuracy": 21.196013289036546,
        "solution_quality": 21.222591362126245,
        "clarity": 15.232558139534884,
        "conciseness": 9.970099667774086,
        "speed": 6.1827242524916945,
        "reliability": 9.966777408637874
      }
    },
    "cohere": {
      "average_score": 84.25581395348837,
      "total_responses": 301,
      "valid_responses": 301,
      "criterion_scores": {
        "technical_accuracy": 22.41528239202658,
        "solution_quality": 22.421926910299003,
        "clarity": 15.0,
        "conciseness": 10.0,
        "speed": 4.4186046511627906,
        "reliability": 10.0
      }
    },
    "openrouter_llama": {
      "average_score": 15.913621262458472,
      "total_responses": 301,
      "valid_responses": 301,
      "criterion_scores": {
        "technical_accuracy": 2.857142857142857,
        "solution_quality": 2.87375415282392,
        "clarity": 1.744186046511628,
        "conciseness": 2.255813953488372,
        "speed": 4.554817275747508,
        "reliability": 1.627906976744186
      }
    },
    "openrouter_mistral": {
      "average_score": 15.913621262458472,
      "total_responses": 301,
      "valid_responses": 301,
      "criterion_scores": {
        "technical_accuracy": 2.857142857142857,
        "solution_quality": 2.87375415282392,
        "clarity": 1.744186046511628,
        "conciseness": 2.255813953488372,
        "speed": 4.554817275747508,
        "reliability": 1.627906976744186
      }
    },
    "openrouter_hermes": {
      "average_score": 14.684385382059801,
      "total_responses": 301,
      "valid_responses": 301,
      "criterion_scores": {
        "technical_accuracy": 2.4916943521594686,
        "solution_quality": 2.5415282392026577,
        "clarity": 1.495016611295681,
        "conciseness": 2.1362126245847177,
        "speed": 4.524916943521594,
        "reliability": 1.495016611295681
      }
    }
  }
}